{
    "1":{
        "shape_size":[1.5, 0.9, 0.3],
        "origin":[8.91304348, 1.20652174, 0.61669004],
        "velocity_UB":1.1,
        "initial_oil_volume":0.3,
        "out":[2],
        "in":[]
    },
    "2":{
        "shape_size":[2.2, 0.8, 1.1],
        "origin":[6.91304348, -1.39347826, 0.21669004],
        "velocity_UB":1.8,
        "initial_oil_volume":1.5,
        "out":[0],
        "in":[1]
    },
    "3":{
        "shape_size":[2.4, 1.1, 0.9],
        "origin":[-1.68695652, 1.20652174, -0.28330996],
        "velocity_UB":1.7,
        "initial_oil_volume":2.1,
        "out":[0],
        "in":[]
    },
    "4":{
        "shape_size":[1.7, 1.3, 1.2],
        "origin":[3.11304348, 0.60652174, -0.18330996],
        "velocity_UB":1.5,
        "initial_oil_volume":1.9,
        "out":[0],
        "in":[]
    },
    "5":{
        "shape_size":[2.4, 1.2, 1],
        "origin":[-5.28695652, -0.29347826, 0.41669004],
        "velocity_UB":1.6,
        "initial_oil_volume":2.6,
        "out":[0],
        "in":[6]
    },
    "6":{
        "shape_size":[2.4, 1, 0.5],
        "origin":[-2.08695652, -1.49347826, 0.21669004],
        "velocity_UB":1.1,
        "initial_oil_volume":0.8,
        "out":[5],
        "in":[]
    }
}